"gene","coef"
"EMB",0.141696217745422
"CPVL",0.133856337494093
"CTLA4",-0.435827116634233
"FAM241A",0.328993680458668
"CXCR4",0.259493692180442
